time,lat,lon,fixType,diffSoln,carrSoln,hAcc_m
1776149551.2492776,37.5996829,127.0442181,3,1,1,0.426
1776149551.2595913,37.5996828,127.044218,3,1,1,0.431
1776149551.279807,37.5996828,127.044218,3,1,1,0.437
1776149551.3804693,37.599683,127.0442181,3,1,1,0.442
1776149551.4811366,37.5996828,127.0442181,3,1,1,0.447
1776149551.5817783,37.5996827,127.044218,3,1,1,0.452
1776149551.672433,37.5996828,127.044218,3,1,1,0.457
1776149551.7731564,37.5996828,127.0442181,3,1,1,0.462
1776149551.873903,37.5996828,127.0442181,3,1,1,0.466
1776149551.974591,37.5996828,127.0442181,3,1,1,0.47100000000000003
1776149552.07526,37.5996828,127.0442181,3,1,1,0.47500000000000003
1776149552.1759741,37.5996827,127.0442179,3,1,1,0.47900000000000004
1776149552.2766054,37.5996826,127.0442178,3,1,1,0.483
1776149552.3772645,37.5996828,127.0442178,3,1,1,0.487
1776149552.4779172,37.5996829,127.0442177,3,1,1,0.49
1776149552.57856,37.5996834,127.0442178,3,1,1,0.494
1776149552.6792185,37.5996833,127.0442178,3,1,0,0.507
1776149552.779871,37.5996836,127.044218,3,1,0,0.521
1776149552.8704402,37.599684,127.0442184,3,1,0,0.536
1776149552.9711533,37.5996847,127.0442181,3,1,0,0.553
1776149553.0818799,37.5996852,127.0442182,3,1,0,0.5690000000000001
1776149553.1725647,37.599686,127.0442182,3,1,0,0.582
1776149553.2732537,37.5996868,127.0442182,3,1,0,0.589
1776149553.3739617,37.5996865,127.0442188,3,1,0,0.598
1776149553.5048034,37.5996878,127.0442185,3,1,0,0.63
1776149553.5753343,37.5996877,127.0442186,3,1,0,0.637
1776149553.6759865,37.5996877,127.0442183,3,1,0,0.644
1776149553.776687,37.5996888,127.0442181,3,1,0,0.649
1776149553.8773665,37.5996895,127.0442184,3,1,0,0.655
1776149553.9780226,37.5996897,127.0442182,3,1,0,0.661
1776149554.0786934,37.5996905,127.0442181,3,1,0,0.665
1776149554.1794004,37.5996913,127.0442181,3,1,0,0.672
1776149554.30019,37.599691,127.0442167,3,1,0,0.6910000000000001
1776149554.3807411,37.5996911,127.044216,3,1,0,0.6970000000000001
1776149554.4813895,37.5996914,127.0442154,3,1,0,0.7020000000000001
1776149554.5820448,37.5996925,127.0442147,3,1,0,0.707
1776149554.6826603,37.5996925,127.0442145,3,1,0,0.713
1776149554.7732477,37.5996932,127.0442139,3,1,0,0.719
1776149554.8738923,37.5996933,127.0442132,3,1,0,0.725
1776149554.9745612,37.5996937,127.0442126,3,1,0,0.731
1776149555.0852952,37.5996939,127.0442116,3,1,0,0.736
1776149555.18593,37.5996947,127.0442111,3,1,1,0.667
1776149555.2865648,37.5996951,127.0442108,3,1,1,0.636
1776149555.3771765,37.5996951,127.0442101,3,1,1,0.611
1776149555.4778545,37.5996954,127.0442094,3,1,1,0.59
1776149555.5785277,37.599696,127.0442091,3,1,1,0.5720000000000001
1776149555.6791968,37.5996966,127.0442083,3,1,1,0.556
1776149555.779849,37.5996968,127.0442076,3,1,1,0.543
1776149555.8804934,37.5996976,127.0442071,3,1,1,0.53
1776149555.9811382,37.599698,127.0442066,3,1,1,0.52
1776149556.091837,37.5996987,127.044206,3,1,1,0.51
1776149556.182419,37.5996992,127.0442053,3,1,1,0.484
1776149556.2830634,37.5996998,127.0442045,3,1,1,0.462
1776149556.383741,37.5997002,127.0442037,3,1,1,0.444
1776149556.484385,37.5997009,127.0442032,3,1,1,0.429
1776149556.5850298,37.5997015,127.0442027,3,1,1,0.41600000000000004
1776149556.6856828,37.5997019,127.0442023,3,1,1,0.406
1776149556.7863355,37.5997023,127.0442014,3,1,1,0.399
1776149556.8869796,37.599703,127.0442007,3,1,1,0.392
1776149556.9876237,37.5997034,127.0442001,3,1,1,0.385
1776149557.0882978,37.5997042,127.0441995,3,1,1,0.381
1776149557.1788924,37.5997044,127.044199,3,1,1,0.374
1776149557.289632,37.5997044,127.0441983,3,1,1,0.368
1776149557.3802788,37.5997046,127.0441974,3,1,1,0.363
1776149557.4809535,37.5997049,127.0441968,3,1,1,0.36
1776149557.581595,37.5997053,127.0441959,3,1,1,0.357
1776149557.682304,37.5997058,127.0441952,3,1,1,0.355
1776149557.7829792,37.5997058,127.0441948,3,1,0,0.361
1776149557.883644,37.5997064,127.0441941,3,1,0,0.367
1776149557.9842799,37.5997066,127.0441931,3,1,0,0.375
1776149558.084959,37.5997068,127.0441925,3,1,0,0.381
1776149558.185614,37.5997071,127.0441917,3,1,1,0.373
1776149558.2862773,37.5997076,127.0441908,3,1,1,0.367
1776149558.3769221,37.5997079,127.0441903,3,1,1,0.362
1776149558.4876745,37.5997082,127.0441894,3,1,1,0.357
1776149558.5883696,37.5997086,127.0441887,3,1,1,0.357
1776149558.6890233,37.5997091,127.044188,3,1,1,0.356
1776149558.7796123,37.5997095,127.0441872,3,1,0,0.362
1776149558.8803043,37.5997102,127.0441864,3,1,0,0.368
1776149558.9809663,37.599711,127.0441859,3,1,0,0.375
1776149559.0916796,37.5997109,127.0441852,3,1,0,0.381
1776149559.1822863,37.5997113,127.0441842,3,1,1,0.384
1776149559.2829463,37.5997117,127.0441835,3,1,1,0.387
1776149559.3936722,37.5997121,127.0441827,3,1,1,0.39
1776149559.4842904,37.5997125,127.0441818,3,1,0,0.396
1776149559.5849462,37.5997124,127.0441811,3,1,0,0.402
1776149559.6855993,37.5997124,127.0441804,3,1,0,0.40900000000000003
1776149559.786262,37.5997129,127.0441798,3,1,0,0.41600000000000004
1776149559.8768969,37.5997133,127.0441788,3,1,0,0.423
1776149559.9775872,37.5997137,127.0441781,3,1,0,0.429
1776149560.0883439,37.5997136,127.044177,3,1,0,0.434
1776149560.1789665,37.5997142,127.0441764,3,1,1,0.418
1776149560.289703,37.5997145,127.0441755,3,1,1,0.405
1776149560.3903332,37.599715,127.044175,3,1,1,0.394
1776149560.4809337,37.5997153,127.0441741,3,1,1,0.384
1776149560.5916712,37.5997156,127.0441732,3,1,1,0.375
1776149560.682261,37.5997159,127.0441721,3,1,1,0.367
1776149560.7829514,37.5997164,127.0441715,3,1,1,0.36
1776149560.8836043,37.5997166,127.0441708,3,1,1,0.354
1776149560.9842775,37.5997169,127.0441701,3,1,1,0.34900000000000003
1776149561.0849538,37.5997171,127.044169,3,1,1,0.34400000000000003
1776149561.185618,37.5997175,127.0441679,3,1,1,0.338
1776149561.2963204,37.5997177,127.0441672,3,1,1,0.332
1776149561.386925,37.599718,127.0441664,3,1,1,0.331
1776149561.4875934,37.5997185,127.0441657,3,1,1,0.329
1776149561.58824,37.5997186,127.0441649,3,1,1,0.329
1776149561.6888838,37.5997186,127.0441642,3,1,1,0.33
1776149561.789546,37.5997188,127.0441636,3,1,1,0.334
1776149561.880149,37.599719,127.0441628,3,1,0,0.342
1776149561.9807975,37.5997194,127.044162,3,1,0,0.34900000000000003
1776149562.0915077,37.5997197,127.0441614,3,1,0,0.356
1776149562.1821043,37.5997198,127.0441605,3,1,1,0.356
1776149562.292838,37.59972,127.0441596,3,1,1,0.355
1776149562.3834493,37.5997201,127.0441588,3,1,1,0.353
1776149562.4841325,37.5997206,127.0441577,3,1,1,0.35100000000000003
1776149562.5847952,37.5997207,127.044157,3,1,1,0.35000000000000003
1776149562.6854515,37.5997211,127.0441562,3,1,1,0.34900000000000003
1776149562.7861433,37.5997212,127.0441553,3,1,1,0.34900000000000003
1776149562.8767316,37.5997215,127.0441543,3,1,1,0.34900000000000003
1776149562.98748,37.5997217,127.044153,3,1,1,0.34900000000000003
1776149563.0881488,37.5997219,127.044152,3,1,1,0.34900000000000003
1776149563.1888044,37.5997223,127.0441514,3,1,1,0.34900000000000003
1776149563.2894604,37.5997226,127.0441503,3,1,1,0.34800000000000003
1776149563.3800724,37.5997227,127.0441493,3,1,1,0.34900000000000003
1776149563.480772,37.5997231,127.0441482,3,1,1,0.35000000000000003
1776149563.5814857,37.5997234,127.044147,3,1,1,0.356
1776149563.6821349,37.5997237,127.0441461,3,1,1,0.361
1776149563.782788,37.5997242,127.044145,3,1,1,0.366
1776149563.8834538,37.5997245,127.0441439,3,1,1,0.37
1776149563.9841099,37.5997246,127.0441427,3,1,0,0.378
1776149564.0847769,37.5997251,127.0441418,3,1,0,0.386
1776149564.185431,37.5997254,127.0441409,3,1,1,0.387
1776149564.286086,37.5997258,127.0441397,3,1,1,0.388
1776149564.38674,37.5997259,127.0441386,3,1,1,0.387
1776149564.487378,37.5997266,127.0441376,3,1,1,0.387
1776149564.5880291,37.5997268,127.0441365,3,1,1,0.386
1776149564.6786194,37.5997269,127.0441355,3,1,1,0.385
1776149564.7792532,37.599727,127.0441345,3,1,0,0.393
1776149564.87994,37.5997273,127.0441336,3,1,0,0.402
1776149564.9805868,37.5997276,127.0441326,3,1,0,0.41000000000000003
1776149565.0912943,37.5997277,127.0441315,3,1,0,0.42
1776149565.1819,37.5997281,127.0441309,3,1,0,0.429
1776149565.2825532,37.5997286,127.0441301,3,1,0,0.44
1776149565.3831978,37.5997287,127.0441291,3,1,0,0.451
1776149565.4839232,37.5997288,127.0441282,3,1,0,0.462
1776149565.5845711,37.5997288,127.0441274,3,1,0,0.47300000000000003
1776149565.6852086,37.5997288,127.0441261,3,1,0,0.482
1776149565.7858582,37.5997293,127.0441256,3,1,0,0.491
1776149565.8865101,37.5997295,127.0441251,3,1,0,0.499
1776149565.9871507,37.5997293,127.0441237,3,1,0,0.507
1776149566.0878167,37.5997293,127.0441229,3,1,0,0.513
1776149566.188469,37.5997302,127.0441225,3,1,1,0.5
1776149566.2891166,37.5997309,127.0441216,3,1,1,0.49
1776149566.3797703,37.5997305,127.0441206,3,1,0,0.499
1776149566.4804525,37.5997307,127.04412,3,1,0,0.507
1776149566.5811236,37.5997312,127.0441189,3,1,0,0.516
1776149566.6818023,37.5997313,127.0441179,3,1,0,0.524
1776149566.7824948,37.5997317,127.0441172,3,1,0,0.531
1776149566.8831506,37.599732,127.0441164,3,1,0,0.537
1776149566.9837868,37.5997321,127.0441157,3,1,0,0.543
1776149567.084452,37.5997321,127.044115,3,1,0,0.55
1776149567.1851566,37.5997327,127.044114,3,1,1,0.534
1776149567.2857966,37.5997333,127.0441136,3,1,1,0.533
1776149567.3763988,37.5997332,127.0441126,3,1,0,0.539
1776149567.487128,37.5997335,127.0441119,3,1,0,0.544
1776149567.5877945,37.5997336,127.0441113,3,1,0,0.551
1776149567.6784155,37.5997331,127.0441101,3,1,0,0.558
1776149567.7791133,37.5997334,127.0441092,3,1,0,0.5640000000000001
1776149567.879805,37.5997339,127.0441086,3,1,0,0.5700000000000001
1776149567.980498,37.5997344,127.0441075,3,1,0,0.5760000000000001
1776149568.091219,37.5997348,127.0441071,3,1,0,0.582
1776149568.1818106,37.5997351,127.0441067,3,1,0,0.589
1776149568.2925076,37.5997351,127.0441058,3,1,0,0.595
1776149568.3831282,37.5997356,127.0441049,3,1,0,0.6
1776149568.4837666,37.5997354,127.0441038,3,1,0,0.605
1776149568.5844183,37.5997356,127.0441029,3,1,0,0.608
1776149568.6850696,37.5997359,127.0441022,3,1,0,0.612
1776149568.7857082,37.5997361,127.0441013,3,1,0,0.617
1776149568.8863401,37.599736,127.0441002,3,1,0,0.623
1776149568.986995,37.5997364,127.0440994,3,1,0,0.628
1776149569.08765,37.5997366,127.0440982,3,1,0,0.633
1776149569.1782444,37.5997368,127.0440972,3,1,0,0.639
1776149569.2889578,37.5997371,127.0440964,3,1,0,0.646
1776149569.3795915,37.5997372,127.0440953,3,1,0,0.654
1776149569.4802754,37.5997374,127.0440945,3,1,0,0.661
1776149569.580983,37.5997381,127.0440938,3,1,0,0.667
1776149569.681658,37.5997384,127.0440928,3,1,0,0.674
1776149569.782297,37.5997386,127.0440919,3,1,0,0.681
1776149569.8829474,37.5997387,127.0440913,3,1,0,0.6880000000000001
1776149569.9835982,37.5997386,127.0440903,3,1,0,0.6950000000000001
1776149570.0842488,37.5997392,127.0440894,3,1,0,0.7000000000000001
1776149570.184918,37.5997397,127.0440886,3,1,1,0.663
1776149570.2855787,37.5997397,127.0440878,3,1,1,0.635
1776149570.3862221,37.5997401,127.044087,3,1,1,0.614
1776149570.486876,37.5997403,127.0440862,3,1,1,0.597
1776149570.5875297,37.5997405,127.0440853,3,1,1,0.583
1776149570.688167,37.5997411,127.0440844,3,1,0,0.59
1776149570.7888258,37.5997409,127.0440837,3,1,0,0.597
1776149570.8794274,37.5997412,127.0440829,3,1,0,0.605
1776149570.9801054,37.5997415,127.0440821,3,1,0,0.612
1776149571.0908363,37.5997414,127.0440813,3,1,0,0.618
1776149571.191501,37.5997411,127.0440802,3,1,1,0.612
1776149571.2921407,37.5997415,127.0440794,3,1,1,0.609
1776149571.3827631,37.599742,127.0440786,3,1,1,0.614
1776149571.4834473,37.599742,127.0440776,3,1,1,0.618
1776149571.5840974,37.5997419,127.0440768,3,1,1,0.621
1776149571.6847577,37.5997423,127.044076,3,1,1,0.623
1776149571.7854397,37.5997424,127.0440751,3,1,1,0.625
1776149571.8861046,37.5997426,127.0440742,3,1,1,0.627
1776149571.9867427,37.5997427,127.0440733,3,1,1,0.63
1776149572.0874088,37.5997425,127.0440726,3,1,1,0.634
1776149572.1880896,37.5997428,127.044072,3,1,1,0.637
1776149572.2887335,37.599743,127.0440711,3,1,1,0.639
1776149572.3893995,37.5997431,127.0440701,3,1,1,0.641
1776149572.490053,37.5997432,127.0440693,3,1,1,0.643
1776149572.5906906,37.5997437,127.044069,3,1,1,0.646
1776149572.6913586,37.5997436,127.0440682,3,1,1,0.65
1776149572.7819924,37.5997442,127.0440679,3,1,1,0.652
1776149572.8826442,37.5997443,127.044067,3,1,0,0.656
1776149572.9833388,37.5997445,127.0440661,3,1,0,0.661
1776149573.094058,37.5997447,127.0440652,3,1,0,0.666
1776149573.1846514,37.5997456,127.0440646,3,1,1,0.636
1776149573.2853491,37.5997463,127.044064,3,1,1,0.609
1776149573.386015,37.5997468,127.0440634,3,1,1,0.591
1776149573.486653,37.599747,127.0440625,3,1,1,0.5750000000000001
1776149573.5872989,37.5997473,127.0440617,3,1,1,0.562
1776149573.6879668,37.5997472,127.0440607,3,1,1,0.561
1776149573.7886746,37.5997479,127.0440601,3,1,1,0.561
1776149573.8893583,37.5997483,127.0440592,3,1,1,0.559
1776149573.9900253,37.5997482,127.0440586,3,1,1,0.558
1776149574.0906763,37.5997483,127.0440576,3,1,1,0.556
1776149574.1913822,37.5997487,127.044057,3,1,1,0.525
1776149574.2920604,37.5997491,127.0440561,3,1,1,0.502
1776149574.3927603,37.5997492,127.0440554,3,1,1,0.483
1776149574.4833815,37.5997497,127.0440548,3,1,1,0.466
1776149574.5840802,37.5997497,127.0440545,3,1,1,0.455
1776149574.684742,37.5997498,127.0440535,3,1,1,0.445
1776149574.7854302,37.5997498,127.0440526,3,1,1,0.437
1776149574.886101,37.59975,127.0440519,3,1,1,0.438
1776149574.986752,37.5997502,127.0440512,3,1,1,0.439
1776149575.0874157,37.5997506,127.0440502,3,1,0,0.443
1776149575.1881073,37.5997505,127.0440498,3,1,1,0.445
1776149575.2988217,37.5997506,127.044049,3,1,1,0.447
1776149575.3894174,37.599751,127.0440482,3,1,1,0.448
1776149575.4900782,37.5997513,127.0440477,3,1,1,0.448
1776149575.5907338,37.5997516,127.0440468,3,1,1,0.448
1776149575.691374,37.5997521,127.0440461,3,1,1,0.448
1776149575.792031,37.5997519,127.0440456,3,1,1,0.448
1776149575.892695,37.5997522,127.0440446,3,1,1,0.448
1776149575.9832838,37.5997528,127.0440437,3,1,0,0.45
1776149576.0940616,37.5997532,127.044043,3,1,0,0.452
1776149576.1947145,37.5997538,127.0440421,3,1,1,0.435
1776149576.2953591,37.5997541,127.0440414,3,1,1,0.421
1776149576.3859496,37.5997535,127.0440409,3,1,1,0.41000000000000003
1776149576.486593,37.599754,127.0440397,3,1,1,0.4
1776149576.5872593,37.599754,127.0440392,3,1,1,0.394
1776149576.6879332,37.599754,127.0440382,3,1,1,0.391
1776149576.7885673,37.5997544,127.0440375,3,1,1,0.389
1776149576.8892093,37.5997548,127.0440371,3,1,1,0.388
1776149576.9898465,37.5997546,127.0440362,3,1,1,0.388
1776149577.0905168,37.5997545,127.0440352,3,1,1,0.387
1776149577.1911879,37.5997548,127.0440345,3,1,1,0.378
1776149577.291824,37.5997552,127.0440338,3,1,1,0.369
1776149577.392478,37.5997552,127.044033,3,1,1,0.361
1776149577.4931185,37.5997552,127.0440327,3,1,1,0.354
1776149577.5937572,37.5997551,127.0440319,3,1,1,0.34900000000000003
1776149577.684523,37.5997549,127.0440312,3,1,1,0.34600000000000003
1776149577.7851574,37.5997551,127.0440303,3,1,1,0.343
1776149577.8858204,37.5997556,127.0440297,3,1,1,0.341
1776149577.9864438,37.5997558,127.0440291,3,1,1,0.338
1776149578.0971487,37.5997561,127.0440288,3,1,1,0.337
1776149578.187744,37.599756,127.0440277,3,1,1,0.339
1776149578.2984624,37.5997565,127.0440269,3,1,1,0.341
1776149578.3890896,37.5997571,127.044026,3,1,1,0.342
1776149578.4897377,37.5997576,127.0440253,3,1,1,0.342
1776149578.5903404,37.5997578,127.0440247,3,1,1,0.343
1776149578.6910055,37.5997583,127.044024,3,1,0,0.34700000000000003
1776149578.7916477,37.5997584,127.0440228,3,1,0,0.35000000000000003
1776149578.892284,37.5997586,127.0440219,3,1,0,0.354
1776149578.9929383,37.5997592,127.044021,3,1,0,0.357
1776149579.0936089,37.5997591,127.0440202,3,1,0,0.36
1776149579.1942208,37.5997591,127.0440194,3,1,1,0.36
1776149579.284821,37.599759,127.0440186,3,1,1,0.361
1776149579.385513,37.5997589,127.0440176,3,1,1,0.363
1776149579.4862244,37.5997593,127.0440168,3,1,1,0.364
1776149579.5869026,37.5997593,127.0440162,3,1,1,0.364
1776149579.6875958,37.5997593,127.0440154,3,1,1,0.365
1776149579.7882414,37.5997594,127.0440149,3,1,1,0.366
1776149579.8889997,37.5997595,127.0440137,3,1,1,0.369
1776149579.989675,37.5997598,127.044013,3,1,1,0.371
1776149580.090333,37.5997601,127.044012,3,1,1,0.372
1776149580.1910708,37.5997607,127.0440113,3,1,1,0.359
1776149580.301778,37.5997604,127.0440106,3,1,1,0.35100000000000003
1776149580.392385,37.5997608,127.0440101,3,1,1,0.34900000000000003
1776149580.4930468,37.5997611,127.0440089,3,1,1,0.34700000000000003
1776149580.5937054,37.5997613,127.044008,3,1,1,0.34500000000000003
1776149580.6943288,37.5997618,127.0440071,3,1,1,0.343
1776149580.7949774,37.5997618,127.0440062,3,1,1,0.34400000000000003
1776149580.885579,37.5997619,127.0440055,3,1,1,0.34500000000000003
1776149580.9962785,37.5997621,127.0440044,3,1,1,0.34600000000000003
1776149581.0969417,37.5997623,127.0440036,3,1,0,0.35000000000000003
1776149581.1875532,37.5997625,127.0440026,3,1,1,0.34500000000000003
1776149581.288249,37.5997631,127.0440015,3,1,1,0.342
1776149581.3889058,37.5997629,127.0440009,3,1,1,0.339
1776149581.4895756,37.5997632,127.044,3,1,1,0.337
1776149581.5902302,37.5997631,127.0439991,3,1,1,0.334
1776149581.6908674,37.5997634,127.043998,3,1,1,0.332
1776149581.7915177,37.5997638,127.0439969,3,1,1,0.33
1776149581.892174,37.599764,127.0439963,3,1,1,0.33
1776149581.9928164,37.599764,127.0439952,3,1,1,0.329
1776149582.0934594,37.5997641,127.0439945,3,1,1,0.33
1776149582.194102,37.5997645,127.0439934,3,1,1,0.327
1776149582.2947338,37.5997646,127.0439927,3,1,1,0.325
1776149582.3953688,37.5997649,127.0439916,3,1,1,0.324
1776149582.4960196,37.5997653,127.0439907,3,1,1,0.324
1776149582.5865772,37.5997657,127.0439903,3,1,1,0.325
1776149582.6872368,37.5997656,127.0439891,3,1,0,0.328
1776149582.7878737,37.5997659,127.0439879,3,1,0,0.332
1776149582.888494,37.5997663,127.0439871,3,1,0,0.336
1776149582.9891279,37.5997666,127.0439863,3,1,0,0.34
1776149583.0897667,37.5997665,127.0439852,3,1,0,0.34400000000000003
1776149583.1904538,37.5997668,127.0439844,3,1,1,0.336
1776149583.2911267,37.599767,127.0439833,3,1,1,0.329
1776149583.3917933,37.5997672,127.0439825,3,1,1,0.323
1776149583.4924445,37.5997674,127.043981,3,1,1,0.317
1776149583.583033,37.5997677,127.0439805,3,1,1,0.315
1776149583.6937563,37.5997677,127.0439796,3,1,1,0.313
1776149583.7944007,37.5997675,127.0439781,3,1,1,0.311
1776149583.8950477,37.5997673,127.0439771,3,1,1,0.31
1776149583.9956913,37.5997674,127.0439761,3,1,1,0.308
1776149584.096334,37.5997675,127.0439753,3,1,1,0.307
1776149584.1969755,37.5997674,127.0439745,3,1,1,0.307
1776149584.2976243,37.5997673,127.0439738,3,1,1,0.308
1776149584.3982966,37.5997669,127.043973,3,1,1,0.308
1776149584.4888911,37.5997665,127.0439724,3,1,1,0.308
1776149584.589538,37.5997662,127.0439712,3,1,1,0.309
1776149584.6902194,37.5997659,127.0439708,3,1,1,0.31
1776149584.7908628,37.5997655,127.0439699,3,1,1,0.311
1776149584.8915021,37.599765,127.0439689,3,1,1,0.311
1776149584.9921408,37.5997647,127.0439685,3,1,1,0.312
1776149585.0927866,37.5997643,127.0439674,3,1,1,0.312
1776149585.1934505,37.5997638,127.0439667,3,1,1,0.311
1776149585.2940965,37.5997634,127.0439662,3,1,1,0.311
1776149585.3847067,37.5997624,127.0439655,3,1,1,0.312
1776149585.4954457,37.5997618,127.043965,3,1,1,0.312
1776149585.596111,37.5997612,127.0439643,3,1,1,0.313
1776149585.6967957,37.5997606,127.0439635,3,1,1,0.314
1776149585.787492,37.59976,127.0439629,3,1,1,0.315
1776149585.8882155,37.5997595,127.0439624,3,1,1,0.316
1776149585.988916,37.5997587,127.0439619,3,1,1,0.318
1776149586.0996368,37.5997584,127.0439614,3,1,1,0.319
1776149586.1902199,37.5997576,127.0439608,3,1,1,0.317
1776149586.3009436,37.5997569,127.0439601,3,1,1,0.316
1776149586.391593,37.5997564,127.0439596,3,1,1,0.316
1776149586.4922638,37.5997559,127.0439592,3,1,1,0.317
1776149586.5929284,37.5997554,127.0439586,3,1,1,0.318
1776149586.6936002,37.5997547,127.0439581,3,1,1,0.318
1776149586.7943246,37.5997541,127.0439574,3,1,1,0.319
1776149586.8949893,37.5997539,127.0439567,3,1,1,0.32
1776149586.9956527,37.5997531,127.0439564,3,1,1,0.321
1776149587.0962856,37.5997526,127.0439561,3,1,1,0.323
1776149587.1869469,37.5997521,127.0439556,3,1,1,0.319
1776149587.2977083,37.5997517,127.0439552,3,1,1,0.316
1776149587.398386,37.5997512,127.0439545,3,1,1,0.313
1776149587.4990757,37.5997508,127.0439541,3,1,1,0.314
1776149587.5997424,37.5997503,127.0439537,3,1,1,0.315
1776149587.6903462,37.5997496,127.0439532,3,1,1,0.317
1776149587.791083,37.5997492,127.0439526,3,1,1,0.318
1776149587.9018295,37.5997485,127.0439521,3,1,1,0.318
1776149587.9924014,37.5997481,127.0439517,3,1,1,0.32
1776149588.0931098,37.5997474,127.0439512,3,1,1,0.321
1776149588.193898,37.5997469,127.0439507,3,1,1,0.317
1776149588.2946491,37.5997461,127.0439503,3,1,1,0.317
1776149588.3953693,37.5997457,127.0439502,3,1,1,0.317
1776149588.4960485,37.599745,127.0439497,3,1,1,0.317
1776149588.5967016,37.5997445,127.043949,3,1,1,0.317
1776149588.697373,37.599744,127.0439488,3,1,1,0.317
1776149588.7980306,37.5997435,127.0439484,3,1,1,0.317
1776149588.888684,37.5997426,127.0439477,3,1,1,0.318
1776149588.989393,37.599742,127.0439474,3,1,1,0.32
1776149589.10013,37.5997412,127.0439467,3,1,1,0.321
1776149589.2007864,37.5997409,127.0439462,3,1,1,0.313
1776149589.291423,37.5997405,127.0439459,3,1,1,0.306
1776149589.3921347,37.5997398,127.0439455,3,1,1,0.301
1776149589.492831,37.5997392,127.043945,3,1,1,0.297
1776149589.5934925,37.5997386,127.0439445,3,1,1,0.294
1776149589.694143,37.5997378,127.043944,3,1,1,0.296
1776149589.794782,37.5997373,127.0439437,3,1,1,0.298
1776149589.8853807,37.5997366,127.0439433,3,1,1,0.3
1776149589.9961238,37.5997358,127.043943,3,1,1,0.302
1776149590.0968714,37.5997353,127.0439428,3,1,1,0.303
1776149590.197583,37.5997346,127.0439422,3,1,1,0.302
1776149590.2982414,37.5997338,127.0439415,3,1,1,0.3
1776149590.388835,37.5997335,127.0439413,3,1,1,0.301
1776149590.489536,37.599733,127.043941,3,1,1,0.301
1776149590.5902233,37.5997321,127.0439405,3,1,1,0.301
1776149590.6908898,37.5997314,127.0439404,3,1,1,0.301
1776149590.7915268,37.5997306,127.0439397,3,1,1,0.302
1776149590.8921669,37.5997304,127.0439394,3,1,1,0.302
1776149590.9928124,37.5997298,127.0439391,3,1,1,0.303
1776149591.0934582,37.5997291,127.0439388,3,1,1,0.303
1776149591.1941383,37.5997287,127.0439385,3,1,1,0.299
1776149591.294778,37.5997283,127.0439383,3,1,1,0.296
1776149591.395426,37.5997276,127.0439379,3,1,1,0.295
1776149591.4960663,37.5997271,127.0439376,3,1,1,0.296
1776149591.5966995,37.5997266,127.0439374,3,1,1,0.297
1776149591.6872969,37.5997259,127.0439373,3,1,1,0.299
1776149591.7980227,37.5997252,127.043937,3,1,1,0.3
1776149591.8886106,37.5997244,127.0439367,3,1,1,0.302
1776149591.989291,37.599724,127.0439362,3,1,1,0.304
1776149592.1000137,37.5997233,127.0439358,3,1,1,0.305
1776149592.1906056,37.5997231,127.0439357,3,1,1,0.301
1776149592.3013413,37.5997227,127.0439356,3,1,1,0.298
1776149592.391934,37.5997224,127.0439354,3,1,1,0.295
1776149592.4925673,37.5997219,127.0439352,3,1,1,0.292
1776149592.5931988,37.599721,127.0439347,3,1,1,0.293
1776149592.6938312,37.5997204,127.0439348,3,1,1,0.295
1776149592.7944386,37.5997199,127.0439343,3,1,1,0.297
1776149592.895072,37.5997194,127.0439341,3,1,1,0.299
1776149592.9957027,37.5997188,127.0439337,3,1,1,0.301
1776149593.096333,37.5997183,127.0439334,3,1,1,0.301
1776149593.196966,37.5997178,127.0439329,3,1,1,0.299
1776149593.2975998,37.5997174,127.0439329,3,1,1,0.297
1776149593.388194,37.599717,127.0439326,3,1,0,0.301
1776149593.488856,37.599716,127.0439324,3,1,0,0.304
1776149593.589488,37.5997153,127.043932,3,1,0,0.308
1776149593.690123,37.5997146,127.0439316,3,1,0,0.311
1776149593.7907524,37.5997141,127.0439312,3,1,0,0.314
1776149593.8913846,37.5997134,127.0439312,3,1,0,0.316
1776149593.9920173,37.599713,127.043931,3,1,0,0.319
1776149594.0926073,37.599712,127.0439309,3,1,0,0.323
1776149594.1932411,37.5997115,127.0439308,3,1,1,0.318
1776149594.2938733,37.5997108,127.0439306,3,1,1,0.314
1776149594.3844717,37.5997104,127.0439302,3,1,1,0.31
1776149594.495213,37.5997096,127.0439301,3,1,1,0.308
1776149594.5958455,37.5997089,127.0439299,3,1,1,0.306
1776149594.686424,37.5997081,127.0439297,3,1,1,0.304
1776149594.7971346,37.5997075,127.0439296,3,1,1,0.303
1776149594.8877132,37.5997066,127.0439292,3,1,1,0.302
1776149594.9883797,37.5997058,127.0439291,3,1,1,0.301
1776149595.0990658,37.5997055,127.0439289,3,1,1,0.3
1776149595.1896453,37.5997047,127.0439286,3,1,1,0.295
1776149595.3003514,37.5997041,127.0439281,3,1,1,0.291
1776149595.3909767,37.5997035,127.0439278,3,1,1,0.28800000000000003
1776149595.4916685,37.599703,127.0439273,3,1,1,0.28400000000000003
1776149595.592274,37.5997023,127.0439271,3,1,1,0.281
1776149595.6929116,37.599702,127.0439267,3,1,1,0.278
1776149595.7935503,37.5997013,127.0439266,3,1,1,0.275
1776149595.8941905,37.5997005,127.0439264,3,1,1,0.275
1776149595.9948263,37.5996998,127.0439261,3,1,1,0.274
1776149596.0954618,37.5996991,127.043926,3,1,1,0.274
1776149596.1961265,37.5996985,127.0439257,3,1,1,0.272
1776149596.2968397,37.5996979,127.0439255,3,1,1,0.271
1776149596.3975015,37.5996971,127.0439251,3,1,1,0.268
1776149596.4880998,37.5996962,127.043925,3,1,1,0.268
1776149596.58879,37.5996957,127.0439247,3,1,1,0.27
1776149596.6894717,37.599695,127.0439246,3,1,1,0.272
1776149596.790155,37.5996943,127.0439242,3,1,1,0.274
1776149596.8907938,37.5996934,127.043924,3,1,1,0.277
1776149596.991469,37.5996927,127.0439236,3,1,1,0.279
1776149597.0921035,37.5996919,127.0439232,3,1,1,0.281
1776149597.1927874,37.5996914,127.0439233,3,1,1,0.275
1776149597.3135579,37.5996913,127.0439225,3,1,1,0.271
1776149597.3941216,37.5996905,127.0439225,3,1,1,0.268
1776149597.494765,37.5996899,127.0439221,3,1,1,0.265
1776149597.5953987,37.5996894,127.043922,3,1,0,0.27
1776149597.696029,37.5996884,127.0439213,3,1,0,0.275
1776149597.786675,37.5996876,127.0439211,3,1,0,0.281
1776149597.8873496,37.5996873,127.0439208,3,1,0,0.28600000000000003
1776149597.9880257,37.5996864,127.0439204,3,1,0,0.292
1776149598.0987175,37.5996855,127.0439202,3,1,0,0.296
1776149598.1892984,37.599685,127.0439199,3,1,1,0.296
1776149598.2899442,37.5996843,127.0439197,3,1,1,0.295
1776149598.3906553,37.5996841,127.043919,3,1,1,0.296
1776149598.4913344,37.5996833,127.0439192,3,1,1,0.296
1776149598.5919762,37.5996825,127.0439188,3,1,1,0.296
1776149598.6926086,37.5996819,127.0439182,3,1,1,0.296
1776149598.7932458,37.5996813,127.0439179,3,1,1,0.297
1776149598.883831,37.5996805,127.0439176,3,1,1,0.297
1776149598.9945521,37.5996801,127.0439172,3,1,1,0.297
1776149599.0951974,37.5996794,127.0439171,3,1,1,0.298
1776149599.1958668,37.5996787,127.0439169,3,1,1,0.298
1776149599.2964988,37.599678,127.0439164,3,1,1,0.298
1776149599.3971467,37.5996774,127.0439161,3,1,1,0.298
1776149599.48773,37.5996768,127.043916,3,1,1,0.297
1776149599.5884235,37.5996764,127.0439159,3,1,1,0.297
1776149599.6891396,37.5996756,127.0439155,3,1,1,0.297
1776149599.7897801,37.5996749,127.0439151,3,1,1,0.296
1776149599.8904302,37.5996741,127.0439147,3,1,1,0.296
1776149599.9910984,37.5996737,127.0439144,3,1,1,0.297
1776149600.1017876,37.599673,127.0439141,3,1,1,0.298
1776149600.1923664,37.5996722,127.0439139,3,1,1,0.297
1776149600.3033185,37.5996717,127.0439138,3,1,1,0.296
1776149600.3939722,37.599671,127.0439135,3,1,1,0.297
1776149600.4946465,37.5996704,127.0439131,3,1,1,0.297
1776149600.5952926,37.5996696,127.0439131,3,1,1,0.297
1776149600.685898,37.5996692,127.0439129,3,1,1,0.298
1776149600.7966273,37.5996685,127.0439128,3,1,1,0.299
1776149600.8872192,37.5996677,127.0439126,3,1,1,0.301
1776149600.987895,37.5996668,127.0439122,3,1,1,0.302
1776149601.098578,37.5996663,127.0439116,3,1,1,0.304
1776149601.189164,37.5996656,127.0439115,3,1,1,0.303
1776149601.2898626,37.5996648,127.0439114,3,1,1,0.303
1776149601.3905659,37.5996644,127.0439112,3,1,1,0.303
1776149601.4912536,37.5996636,127.0439108,3,1,1,0.303
1776149601.5919247,37.5996625,127.0439104,3,1,1,0.303
1776149601.6925573,37.599662,127.0439101,3,1,1,0.304
1776149601.793188,37.5996612,127.0439099,3,1,0,0.308
1776149601.8938255,37.5996604,127.0439097,3,1,0,0.312
1776149601.9944398,37.5996596,127.0439091,3,1,0,0.317
1776149602.0950835,37.5996587,127.0439091,3,1,0,0.321
1776149602.1957593,37.599658,127.0439088,3,1,1,0.319
1776149602.296413,37.5996572,127.0439086,3,1,1,0.318
1776149602.3870645,37.5996564,127.0439086,3,1,1,0.317
1776149602.4877267,37.5996558,127.0439083,3,1,1,0.317
1776149602.5883725,37.5996549,127.043908,3,1,0,0.321
1776149602.6890433,37.5996542,127.0439077,3,1,0,0.326
1776149602.7897067,37.5996534,127.0439074,3,1,0,0.331
1776149602.8903427,37.5996528,127.0439074,3,1,0,0.335
1776149602.9909775,37.5996519,127.0439071,3,1,0,0.339
1776149603.0916078,37.5996511,127.0439065,3,1,0,0.343
1776149603.192282,37.5996502,127.0439065,3,1,1,0.342
1776149603.2929342,37.5996495,127.0439059,3,1,1,0.341
1776149603.3835537,37.599649,127.0439057,3,1,1,0.341
1776149603.4942203,37.5996483,127.0439054,3,1,1,0.342
1776149603.5948515,37.5996476,127.0439053,3,1,1,0.343
1776149603.6854353,37.5996471,127.0439049,3,1,1,0.343
1776149603.7861052,37.5996462,127.0439045,3,1,1,0.34400000000000003
1776149603.886782,37.5996456,127.0439043,3,1,1,0.34500000000000003
1776149603.987416,37.5996449,127.0439044,3,1,1,0.34600000000000003
1776149604.0980985,37.5996441,127.0439038,3,1,1,0.34700000000000003
1776149604.1886728,37.5996433,127.0439037,3,1,1,0.34800000000000003
1776149604.2893248,37.5996426,127.0439034,3,1,1,0.34900000000000003
1776149604.3900013,37.5996418,127.043903,3,1,1,0.35100000000000003
1776149604.4906397,37.5996414,127.0439028,3,1,1,0.352
1776149604.5912697,37.5996407,127.0439027,3,1,0,0.357
1776149604.691895,37.5996398,127.0439022,3,1,0,0.361
1776149604.7825732,37.5996392,127.043902,3,1,0,0.366
1776149604.8832474,37.5996384,127.0439015,3,1,0,0.371
1776149604.9839313,37.5996378,127.0439013,3,1,0,0.375
1776149605.0946572,37.5996373,127.0439009,3,1,0,0.38
1776149605.1852326,37.5996364,127.0439006,3,1,1,0.378
1776149605.2959378,37.5996359,127.0439004,3,1,1,0.376
1776149605.38655,37.5996352,127.0439002,3,1,1,0.374
1776149605.487215,37.5996345,127.0438996,3,1,1,0.375
1776149605.5878482,37.5996337,127.0438993,3,1,1,0.376
1776149605.6885326,37.5996332,127.0438992,3,1,1,0.377
1776149605.7891607,37.5996325,127.043899,3,1,1,0.378
1776149605.889787,37.5996317,127.0438986,3,1,1,0.38
1776149605.9904191,37.599631,127.0438982,3,1,1,0.381
1776149606.0910451,37.5996302,127.0438978,3,1,0,0.385
1776149606.1916714,37.5996298,127.0438975,3,1,1,0.384
1776149606.2923148,37.5996291,127.0438977,3,1,1,0.383
1776149606.3929749,37.5996282,127.0438972,3,1,1,0.382
1776149606.4936094,37.5996275,127.043897,3,1,1,0.382
1776149606.5841815,37.5996268,127.0438964,3,1,0,0.386
1776149606.6848552,37.5996261,127.0438961,3,1,0,0.391
1776149606.7854807,37.5996255,127.0438959,3,1,0,0.395
1776149606.886107,37.5996248,127.0438957,3,1,0,0.399
1776149606.9867346,37.5996239,127.0438953,3,1,0,0.403
1776149607.0974188,37.5996234,127.0438953,3,1,0,0.40800000000000003
1776149607.1879914,37.5996227,127.0438947,3,1,0,0.41200000000000003
1776149607.288644,37.5996219,127.0438943,3,1,0,0.417
1776149607.3893092,37.5996217,127.0438941,3,1,0,0.421
1776149607.4899416,37.5996208,127.0438939,3,1,0,0.425
1776149607.5905757,37.59962,127.0438935,3,1,0,0.429
1776149607.691209,37.5996197,127.0438935,3,1,0,0.434
1776149607.7817912,37.599619,127.0438929,3,1,0,0.438
1776149607.8824627,37.5996183,127.0438926,3,1,0,0.442
1776149607.9830935,37.599618,127.0438927,3,1,0,0.446
1776149608.093822,37.5996172,127.0438924,3,1,0,0.45
1776149608.1843967,37.5996165,127.0438923,3,1,1,0.444
1776149608.295153,37.5996157,127.0438921,3,1,1,0.438
1776149608.3857625,37.5996152,127.0438916,3,1,0,0.442
1776149608.4864066,37.5996147,127.043892,3,1,0,0.446
1776149608.5870342,37.5996143,127.0438921,3,1,0,0.45
1776149608.6876616,37.5996136,127.0438919,3,1,0,0.453
1776149608.7782423,37.5996127,127.0438918,3,1,0,0.457
1776149608.8889585,37.599612,127.0438914,3,1,0,0.46
1776149608.9895868,37.5996115,127.0438913,3,1,0,0.465
1776149609.0902188,37.5996108,127.043891,3,1,0,0.468
1776149609.1908467,37.5996105,127.0438911,3,1,1,0.454
1776149609.291475,37.5996096,127.0438907,3,1,1,0.441
1776149609.3921068,37.5996089,127.0438901,3,1,1,0.43
1776149609.492744,37.5996083,127.04389,3,1,1,0.42
1776149609.59337,37.5996077,127.0438898,3,1,1,0.41600000000000004
1776149609.6839726,37.5996073,127.0438894,3,1,1,0.41100000000000003
1776149609.7846024,37.5996065,127.0438897,3,1,1,0.40700000000000003
1776149609.8852317,37.5996058,127.0438891,3,1,1,0.403
1776149609.9858608,37.5996051,127.0438888,3,1,1,0.399
1776149610.096545,37.5996044,127.0438883,3,1,1,0.396
1776149610.1871204,37.5996038,127.0438879,3,1,1,0.392
1776149610.2877505,37.5996033,127.0438875,3,1,0,0.397
1776149610.3883858,37.5996026,127.0438874,3,1,0,0.4
1776149610.4890225,37.5996018,127.0438871,3,1,0,0.404
1776149610.5796976,37.5996011,127.0438868,3,1,0,0.40700000000000003
1776149610.6904404,37.5996004,127.0438865,3,1,0,0.41100000000000003
1776149610.791076,37.5995997,127.0438863,3,1,0,0.41400000000000003
1776149610.881653,37.5995992,127.0438861,3,1,0,0.418
1776149610.9923825,37.5995983,127.0438857,3,1,0,0.422
1776149611.0930214,37.5995975,127.0438854,3,1,0,0.425
1776149611.1836693,37.5995968,127.0438852,3,1,1,0.417
1776149611.2944186,37.599596,127.0438847,3,1,1,0.41300000000000003
1776149611.3850155,37.5995957,127.0438847,3,1,1,0.41000000000000003
1776149611.4857004,37.5995949,127.0438846,3,1,1,0.40700000000000003
1776149611.5863614,37.5995941,127.0438842,3,1,1,0.405
1776149611.6870368,37.5995934,127.043884,3,1,1,0.403
1776149611.787672,37.5995926,127.0438837,3,1,1,0.401
1776149611.8883014,37.599592,127.0438832,3,1,0,0.405
1776149611.9889293,37.5995915,127.0438827,3,1,0,0.40900000000000003
1776149612.08956,37.5995906,127.0438828,3,1,0,0.41300000000000003
1776149612.190193,37.5995899,127.0438827,3,1,1,0.40800000000000003
1776149612.2908194,37.5995893,127.0438824,3,1,1,0.403
1776149612.381402,37.5995888,127.0438822,3,1,1,0.398
1776149612.4921064,37.5995882,127.043882,3,1,1,0.394
1776149612.5827,37.5995876,127.0438819,3,1,0,0.398
1776149612.6833804,37.5995868,127.0438818,3,1,0,0.402
1776149612.784051,37.5995859,127.0438814,3,1,0,0.405
1776149612.8846908,37.5995851,127.043881,3,1,0,0.40800000000000003
1776149612.9853225,37.5995845,127.0438806,3,1,0,0.41000000000000003
1776149613.0960083,37.5995838,127.0438806,3,1,0,0.41300000000000003
1776149613.18655,37.5995834,127.0438804,3,1,0,0.417
1776149613.2871773,37.5995824,127.0438801,3,1,0,0.421
1776149613.3878148,37.5995817,127.0438798,3,1,0,0.424
1776149613.4884427,37.5995809,127.0438794,3,1,0,0.428
1776149613.5890675,37.59958,127.0438791,3,1,0,0.432
1776149613.689695,37.5995797,127.0438791,3,1,0,0.436
1776149613.7903264,37.5995788,127.043879,3,1,0,0.439
1776149613.8909535,37.599578,127.0438787,3,1,0,0.443
1776149613.9915793,37.5995772,127.0438785,3,1,0,0.446
1776149614.0921674,37.5995764,127.043878,3,1,0,0.45
1776149614.1827476,37.5995758,127.0438779,3,1,1,0.444
1776149614.2934575,37.5995753,127.0438778,3,1,1,0.439
1776149614.394097,37.5995744,127.0438774,3,1,1,0.435
1776149614.494726,37.5995736,127.0438772,3,1,1,0.431
1776149614.5953536,37.5995729,127.0438769,3,1,1,0.427
1776149614.6859999,37.5995723,127.0438767,3,1,1,0.423
1776149614.786683,37.5995717,127.0438767,3,1,1,0.421
1776149614.8873346,37.5995709,127.0438764,3,1,1,0.418
1776149614.988001,37.5995701,127.043876,3,1,1,0.41600000000000004
1776149615.0886118,37.5995693,127.043876,3,1,1,0.41400000000000003
1776149615.1892805,37.5995685,127.0438757,3,1,1,0.41200000000000003
1776149615.2899117,37.5995679,127.0438756,3,1,1,0.40900000000000003
1776149615.3905497,37.5995675,127.0438753,3,1,1,0.41000000000000003
1776149615.4911792,37.5995666,127.0438752,3,1,1,0.41100000000000003
1776149615.5918026,37.599566,127.0438751,3,1,1,0.41100000000000003
1776149615.692426,37.5995653,127.0438749,3,1,1,0.41200000000000003
1776149615.7930498,37.5995647,127.0438745,3,1,1,0.41300000000000003
1776149615.883623,37.5995641,127.0438743,3,1,1,0.41400000000000003
1776149615.9842868,37.5995638,127.0438744,3,1,1,0.41600000000000004
1776149616.0949676,37.599563,127.0438741,3,1,1,0.417
1776149616.195598,37.5995622,127.0438737,3,1,1,0.41200000000000003
1776149616.2962618,37.5995616,127.0438735,3,1,1,0.41100000000000003
1776149616.3868747,37.5995611,127.043873,3,1,1,0.40900000000000003
1776149616.4875715,37.5995604,127.0438728,3,1,1,0.40700000000000003
1776149616.588236,37.5995601,127.0438725,3,1,1,0.406
1776149616.6888666,37.5995592,127.0438722,3,1,1,0.404
1776149616.789542,37.5995586,127.043872,3,1,1,0.402
1776149616.8901713,37.599558,127.0438716,3,1,1,0.401
1776149616.9907975,37.5995574,127.043871,3,1,1,0.399
1776149617.091427,37.5995569,127.0438707,3,1,1,0.398
1776149617.1920972,37.5995564,127.0438706,3,1,1,0.394
1776149617.3028123,37.5995557,127.0438703,3,1,1,0.392
1776149617.3934236,37.599555,127.04387,3,1,1,0.391
1776149617.494059,37.5995546,127.0438696,3,1,1,0.392
1776149617.5846348,37.599554,127.0438692,3,1,1,0.393
1776149617.6953447,37.5995535,127.0438688,3,1,1,0.394
1776149617.7859173,37.5995527,127.0438685,3,1,1,0.395
1776149617.886549,37.5995519,127.0438682,3,1,1,0.395
1776149617.9871802,37.5995513,127.0438681,3,1,1,0.397
1776149618.0978615,37.5995506,127.0438674,3,1,1,0.397
1776149618.1884365,37.5995499,127.043867,3,1,1,0.396
1776149618.2991447,37.5995495,127.0438667,3,1,1,0.395
1776149618.3897533,37.5995487,127.0438666,3,1,1,0.394
1776149618.4903939,37.5995479,127.0438663,3,1,1,0.393
1776149618.5910513,37.5995472,127.0438657,3,1,1,0.393
1776149618.69168,37.5995465,127.0438654,3,1,1,0.392
1776149618.7922745,37.5995459,127.0438652,3,1,1,0.391
1776149618.8929017,37.5995456,127.0438651,3,1,1,0.39
1776149618.9935286,37.5995446,127.0438649,3,1,1,0.39
1776149619.094151,37.5995439,127.0438646,3,1,1,0.389
1776149619.1947749,37.5995434,127.0438642,3,1,1,0.386
1776149619.2855935,37.5995429,127.0438635,3,1,1,0.383
1776149619.3963368,37.5995422,127.0438634,3,1,1,0.381
1776149619.4869168,37.5995418,127.0438633,3,1,1,0.379
1776149619.5875762,37.5995411,127.0438631,3,1,1,0.377
1776149619.698219,37.5995404,127.043863,3,1,1,0.375
1776149619.7887943,37.5995398,127.0438627,3,1,1,0.372
1776149619.889423,37.5995392,127.0438624,3,1,1,0.37
1776149619.990048,37.5995387,127.0438622,3,1,1,0.368
1776149620.1007278,37.5995382,127.0438622,3,1,1,0.366
1776149620.1913033,37.5995375,127.0438619,3,1,1,0.364
1776149620.3020074,37.5995368,127.0438618,3,1,1,0.362
1776149620.3926203,37.5995362,127.0438615,3,1,1,0.36
1776149620.4832056,37.5995356,127.0438609,3,1,1,0.358
1776149620.593932,37.5995351,127.043861,3,1,1,0.358
1776149620.6945474,37.5995345,127.0438606,3,1,1,0.358
1776149620.7851284,37.5995336,127.0438603,3,1,1,0.357
1776149620.8958635,37.599533,127.0438601,3,1,1,0.357
1776149620.9864411,37.5995324,127.0438598,3,1,1,0.357
1776149621.0971622,37.5995316,127.0438595,3,1,1,0.357
1776149621.1977916,37.5995311,127.0438593,3,1,1,0.353
1776149621.298443,37.5995306,127.0438593,3,1,1,0.35100000000000003
1776149621.389055,37.5995297,127.043859,3,1,1,0.34800000000000003
1776149621.489693,37.599529,127.043859,3,1,1,0.34600000000000003
1776149621.5903296,37.5995286,127.0438585,3,1,1,0.34700000000000003
1776149621.6909592,37.5995278,127.0438582,3,1,1,0.34900000000000003
1776149621.7915854,37.5995275,127.0438581,3,1,1,0.34900000000000003
1776149621.892215,37.5995267,127.043858,3,1,1,0.35000000000000003
1776149621.9928424,37.5995259,127.0438576,3,1,1,0.35000000000000003
1776149622.0934694,37.5995253,127.0438573,3,1,1,0.35100000000000003
1776149622.1940944,37.5995244,127.0438567,3,1,1,0.34800000000000003
1776149622.284687,37.5995238,127.0438568,3,1,1,0.34700000000000003
1776149622.395395,37.5995234,127.0438565,3,1,1,0.34500000000000003
1776149622.4859977,37.5995225,127.0438561,3,1,1,0.34400000000000003
1776149622.5866752,37.5995219,127.0438556,3,1,1,0.343
1776149622.687308,37.5995214,127.0438551,3,1,1,0.342
1776149622.7879937,37.5995206,127.0438544,3,1,1,0.34
1776149622.8886056,37.5995201,127.0438541,3,1,1,0.339
1776149622.9892414,37.5995194,127.0438539,3,1,1,0.338
1776149623.0999708,37.5995186,127.0438535,3,1,1,0.337
1776149623.1905484,37.599518,127.0438531,3,1,1,0.336
1776149623.2912016,37.5995173,127.0438524,3,1,1,0.335
1776149623.391886,37.5995166,127.0438522,3,1,1,0.336
1776149623.4924943,37.5995162,127.0438519,3,1,1,0.338
1776149623.5931242,37.5995154,127.0438516,3,1,1,0.339
1776149623.6937926,37.5995145,127.043851,3,1,1,0.34
1776149623.794428,37.5995138,127.0438505,3,1,1,0.341
1776149623.8850553,37.5995133,127.04385,3,1,1,0.342
1776149623.985727,37.5995127,127.0438496,3,1,1,0.342
1776149624.086481,37.5995121,127.0438493,3,1,1,0.343
1776149624.1871731,37.5995113,127.043849,3,1,1,0.34
1776149624.297913,37.5995106,127.0438488,3,1,1,0.338
1776149624.388496,37.5995101,127.0438483,3,1,1,0.337
1776149624.4891503,37.5995092,127.0438476,3,1,1,0.336
1776149624.5897818,37.5995087,127.0438474,3,1,1,0.336
1776149624.690418,37.599508,127.043847,3,1,1,0.335
1776149624.7910542,37.5995073,127.0438465,3,1,1,0.334
1776149624.8916824,37.5995066,127.0438461,3,1,1,0.333
1776149624.982469,37.5995061,127.0438455,3,1,1,0.333
1776149625.103273,37.5995055,127.0438452,3,1,1,0.334
1776149625.1938605,37.5995049,127.0438449,3,1,1,0.334
1776149625.2945187,37.5995042,127.0438445,3,1,1,0.334
1776149625.3951848,37.5995035,127.0438439,3,1,1,0.334
1776149625.4857712,37.5995027,127.0438433,3,1,1,0.334
1776149625.5864553,37.5995021,127.043843,3,1,1,0.334
1776149625.6872692,37.5995018,127.0438427,3,1,1,0.335
1776149625.7879336,37.5995008,127.0438425,3,1,1,0.336
1776149625.8886113,37.5995,127.0438422,3,1,1,0.336
1776149625.9892507,37.5994993,127.0438416,3,1,1,0.335
1776149626.0899036,37.5994989,127.0438412,3,1,1,0.335
1776149626.1905556,37.5994982,127.0438408,3,1,1,0.326
1776149626.301281,37.5994979,127.0438406,3,1,1,0.318
1776149626.3918908,37.5994971,127.0438402,3,1,1,0.313
1776149626.4925272,37.5994965,127.0438397,3,1,1,0.309
1776149626.5931704,37.5994958,127.0438389,3,1,1,0.305
1776149626.6938138,37.5994954,127.0438388,3,1,1,0.301
1776149626.7843885,37.5994948,127.0438381,3,1,1,0.298
1776149626.8850296,37.5994944,127.0438379,3,1,1,0.296
1776149626.9857068,37.5994938,127.0438374,3,1,1,0.293
1776149627.0964086,37.5994931,127.0438368,3,1,1,0.291
1776149627.1870215,37.5994924,127.0438362,3,1,1,0.28600000000000003
1776149627.2877202,37.599492,127.0438358,3,1,1,0.28200000000000003
1776149627.3884141,37.5994915,127.0438355,3,1,1,0.278
1776149627.4890723,37.5994908,127.0438351,3,1,1,0.274
1776149627.5897567,37.5994901,127.0438346,3,1,1,0.273
1776149627.6903882,37.5994895,127.0438342,3,1,1,0.272
1776149627.791031,37.599489,127.0438334,3,1,1,0.271
1776149627.891672,37.5994883,127.043833,3,1,1,0.27
1776149627.9923038,37.5994881,127.0438326,3,1,1,0.27
1776149628.0929706,37.5994873,127.0438322,3,1,1,0.269
1776149628.1936173,37.5994867,127.0438318,3,1,1,0.27
1776149628.2842243,37.5994861,127.0438313,3,1,1,0.271
1776149628.3949904,37.5994856,127.0438306,3,1,1,0.272
1776149628.4855862,37.599485,127.04383,3,1,1,0.272
1776149628.5862231,37.5994844,127.0438298,3,1,1,0.273
1776149628.6868541,37.5994836,127.0438294,3,1,1,0.274
1776149628.7875524,37.599483,127.0438289,3,1,1,0.274
1776149628.8882117,37.5994826,127.0438285,3,1,1,0.276
1776149628.9888449,37.5994819,127.0438278,3,1,1,0.276
1776149629.0995913,37.5994814,127.0438273,3,1,1,0.278
1776149629.1901782,37.5994807,127.0438272,3,1,1,0.273
1776149629.2908785,37.5994801,127.0438269,3,1,1,0.268
1776149629.3915906,37.5994794,127.0438265,3,1,1,0.265
1776149629.4922488,37.599479,127.0438259,3,1,1,0.263
1776149629.592888,37.5994783,127.0438256,3,1,1,0.261
1776149629.6935303,37.5994778,127.0438251,3,1,1,0.26
1776149629.7941797,37.5994771,127.0438249,3,1,1,0.258
1776149629.8948092,37.5994762,127.0438241,3,1,1,0.257
1776149629.985405,37.5994757,127.0438237,3,1,1,0.259
1776149630.096164,37.599475,127.0438231,3,1,1,0.261
1776149630.1968148,37.5994743,127.0438225,3,1,1,0.261
1776149630.29747,37.5994738,127.0438225,3,1,1,0.262
1776149630.3881283,37.599473,127.043822,3,1,1,0.262
1776149630.4887807,37.5994724,127.0438218,3,1,1,0.261
1776149630.5894542,37.5994718,127.0438212,3,1,1,0.264
1776149630.6901023,37.599471,127.0438207,3,1,1,0.266
1776149630.7907317,37.5994707,127.0438201,3,1,1,0.269
1776149630.8913698,37.5994699,127.0438201,3,1,1,0.272
1776149630.9820416,37.5994692,127.0438199,3,1,1,0.274
1776149631.0928638,37.5994686,127.0438193,3,1,1,0.275
1776149631.1936083,37.599468,127.0438187,3,1,1,0.272
1776149631.2842865,37.5994673,127.0438183,3,1,1,0.268
1776149631.3850226,37.5994669,127.0438181,3,1,1,0.267
1776149631.485665,37.599466,127.0438178,3,1,1,0.265
1776149631.5863523,37.5994653,127.0438176,3,1,1,0.264
1776149631.6870272,37.5994648,127.0438173,3,1,1,0.263
1776149631.7877057,37.5994642,127.0438167,3,1,1,0.262
1776149631.8883543,37.5994636,127.0438162,3,1,1,0.261
1776149631.9889958,37.5994629,127.0438165,3,1,1,0.26
1776149632.099728,37.5994622,127.043816,3,1,1,0.259
1776149632.1903296,37.5994615,127.0438158,3,1,1,0.259
1776149632.2910187,37.5994611,127.043815,3,1,1,0.259
1776149632.3916755,37.5994603,127.0438148,3,1,1,0.261
1776149632.492277,37.5994599,127.0438144,3,1,1,0.262
1776149632.5929515,37.5994592,127.0438144,3,1,1,0.263
1776149632.6936119,37.5994585,127.043814,3,1,1,0.264
1776149632.7942727,37.5994578,127.0438137,3,1,1,0.265
1776149632.8949432,37.5994574,127.0438134,3,1,1,0.267
1776149632.9855554,37.5994568,127.0438131,3,1,1,0.268
1776149633.0963054,37.5994564,127.0438126,3,1,1,0.27
1776149633.186923,37.5994557,127.0438124,3,1,1,0.268
1776149633.2876296,37.5994549,127.0438121,3,1,1,0.266
1776149633.3883305,37.5994543,127.0438118,3,1,1,0.266
1776149633.4889903,37.5994538,127.0438114,3,1,1,0.268
1776149633.5896485,37.599453,127.043811,3,1,1,0.27
1776149633.6903057,37.5994527,127.0438108,3,1,1,0.273
1776149633.790966,37.5994518,127.0438104,3,1,1,0.274
1776149633.8916183,37.5994511,127.04381,3,1,1,0.276
1776149633.9821918,37.5994505,127.0438097,3,1,1,0.277
1776149634.0929503,37.5994498,127.043809,3,1,1,0.278
1776149634.1936412,37.5994493,127.0438085,3,1,1,0.274
1776149634.2943294,37.5994487,127.0438085,3,1,1,0.27
1776149634.3950505,37.5994478,127.043808,3,1,1,0.266
1776149634.4957047,37.599447,127.0438075,3,1,1,0.263
1776149634.5963438,37.5994466,127.0438073,3,1,1,0.261
1776149634.697015,37.5994459,127.043807,3,1,1,0.259
1776149634.787608,37.5994456,127.0438066,3,1,1,0.258
1776149634.888272,37.5994448,127.0438065,3,1,1,0.257
1776149634.988929,37.5994441,127.043806,3,1,1,0.257
1776149635.0997036,37.5994436,127.0438057,3,1,1,0.256
1776149635.2003655,37.5994429,127.043805,3,1,1,0.253
1776149635.290974,37.5994423,127.0438046,3,1,1,0.249
1776149635.3916392,37.5994419,127.0438044,3,1,1,0.248
1776149635.4922755,37.5994411,127.0438038,3,1,1,0.246
1776149635.5929096,37.5994404,127.0438033,3,1,1,0.245
1776149635.693541,37.59944,127.0438029,3,1,1,0.243
1776149635.7941697,37.5994394,127.0438022,3,1,1,0.242
1776149635.8947966,37.5994388,127.0438016,3,1,1,0.241
1776149635.9954283,37.5994383,127.0438015,3,1,1,0.241
1776149636.0960555,37.5994375,127.0438011,3,1,1,0.241
1776149636.196717,37.5994369,127.0438007,3,1,1,0.23900000000000002
1776149636.297371,37.5994364,127.0438001,3,1,1,0.23800000000000002
1776149636.3879793,37.5994357,127.0437995,3,1,1,0.23700000000000002
1776149636.4886158,37.5994353,127.0437992,3,1,1,0.23700000000000002
1776149636.5892684,37.5994345,127.0437989,3,1,1,0.23600000000000002
1776149636.6899161,37.5994338,127.0437988,3,1,1,0.23600000000000002
1776149636.7905471,37.5994331,127.0437982,3,1,1,0.23600000000000002
1776149636.8912024,37.5994326,127.0437978,3,1,1,0.23500000000000001
1776149636.9817982,37.5994318,127.0437974,3,1,1,0.23500000000000001
1776149637.0925403,37.5994317,127.0437971,3,1,1,0.23500000000000001
1776149637.193209,37.5994308,127.0437967,3,1,1,0.233
1776149637.2938538,37.5994302,127.0437965,3,1,1,0.232
1776149637.3944912,37.5994296,127.043796,3,1,1,0.23
1776149637.4951403,37.5994291,127.0437954,3,1,1,0.232
1776149637.5857275,37.5994284,127.0437947,3,1,1,0.233
1776149637.6863325,37.599428,127.0437945,3,1,1,0.23500000000000001
1776149637.7870185,37.5994273,127.0437939,3,1,1,0.23700000000000002
1776149637.8876696,37.5994266,127.0437934,3,1,1,0.23900000000000002
1776149637.9882746,37.5994261,127.0437932,3,1,1,0.241
1776149638.0889153,37.5994258,127.0437924,3,1,1,0.242
1776149638.189583,37.5994253,127.0437917,3,1,1,0.242
1776149638.300388,37.5994248,127.0437918,3,1,1,0.243
1776149638.391031,37.5994241,127.0437911,3,1,1,0.243
1776149638.4818552,37.5994234,127.0437906,3,1,1,0.244
1776149638.5927088,37.5994229,127.0437902,3,1,1,0.244
1776149638.6834402,37.5994223,127.0437896,3,1,1,0.245
1776149638.7842765,37.5994219,127.0437891,3,1,1,0.246
1776149638.8850725,37.5994213,127.0437888,3,1,1,0.247
1776149638.9858131,37.5994207,127.0437882,3,1,1,0.247
1776149639.096658,37.5994201,127.0437879,3,1,1,0.248
1776149639.1873689,37.5994196,127.043787,3,1,1,0.245
1776149639.288167,37.5994191,127.0437865,3,1,1,0.241
1776149639.388972,37.5994187,127.0437862,3,1,1,0.23800000000000002
1776149639.4897373,37.5994179,127.0437857,3,1,1,0.23500000000000001
1776149639.5904489,37.5994172,127.0437853,3,1,1,0.233
1776149639.6911683,37.5994167,127.0437847,3,1,1,0.23
1776149639.7918868,37.5994164,127.043784,3,1,1,0.229
1776149639.8925989,37.5994157,127.0437833,3,1,1,0.228
1776149639.983304,37.5994154,127.0437833,3,1,1,0.228
1776149640.0942013,37.5994146,127.0437828,3,1,1,0.227
1776149640.1850073,37.599414,127.0437823,3,1,1,0.224
1776149640.2858396,37.5994134,127.0437816,3,1,1,0.222
1776149640.3866217,37.599413,127.0437812,3,1,1,0.219
1776149640.487463,37.5994125,127.0437808,3,1,1,0.217
1776149640.5882962,37.5994119,127.0437804,3,1,1,0.216
1776149640.6891084,37.5994112,127.0437799,3,1,1,0.214
1776149640.7899177,37.5994106,127.0437793,3,1,1,0.212
1776149640.8907173,37.59941,127.0437786,3,1,1,0.211
1776149640.9915257,37.5994096,127.0437781,3,1,1,0.21
1776149641.0923023,37.599409,127.0437777,3,1,1,0.20800000000000002
1776149641.1830657,37.5994085,127.0437776,3,1,1,0.20600000000000002
1776149641.2939768,37.5994078,127.0437771,3,1,1,0.20400000000000001
1776149641.3847442,37.5994071,127.0437765,3,1,1,0.203
1776149641.4856603,37.5994064,127.0437759,3,1,1,0.203
1776149641.5865405,37.5994059,127.0437754,3,1,1,0.202
1776149641.6873786,37.5994053,127.043775,3,1,1,0.201
1776149641.7881718,37.5994047,127.0437747,3,1,1,0.202
1776149641.8889778,37.5994041,127.0437743,3,1,1,0.202
1776149641.9897854,37.5994033,127.0437738,3,1,1,0.203
1776149642.090587,37.5994027,127.0437735,3,1,1,0.203
1776149642.1913912,37.5994023,127.0437729,3,1,1,0.20400000000000001
1776149642.3022377,37.5994016,127.0437726,3,1,1,0.20600000000000002
1776149642.3829367,37.5994011,127.0437727,3,1,0,0.212
1776149642.4837933,37.5994002,127.0437723,3,1,0,0.219
1776149642.5846164,37.5993997,127.0437719,3,1,0,0.225
1776149642.6854234,37.599399,127.043771,3,1,0,0.227
1776149642.7862382,37.5993983,127.0437707,3,1,0,0.23
1776149642.8870401,37.599398,127.0437704,3,1,0,0.233
1776149642.9878702,37.5993972,127.0437703,3,1,0,0.23600000000000002
1776149643.098743,37.5993965,127.04377,3,1,0,0.23900000000000002
1776149643.189481,37.5993959,127.0437696,3,1,1,0.23700000000000002
1776149643.2902334,37.5993954,127.043769,3,1,1,0.23600000000000002
1776149643.3910558,37.5993947,127.0437686,3,1,1,0.23500000000000001
1776149643.491865,37.5993945,127.0437685,3,1,1,0.234
1776149643.5926876,37.5993936,127.0437681,3,1,1,0.233
1776149643.6934953,37.5993928,127.0437679,3,1,1,0.233
1776149643.7943027,37.5993924,127.0437674,3,1,1,0.233
1776149643.8850455,37.5993915,127.0437667,3,1,1,0.233
1776149643.985859,37.5993911,127.0437667,3,1,1,0.233
1776149644.096747,37.5993906,127.0437665,3,1,1,0.233
1776149644.187748,37.5993899,127.0437661,3,1,1,0.233
1776149644.2986016,37.5993895,127.043766,3,1,1,0.233
1776149644.3893554,37.5993888,127.0437653,3,1,1,0.23500000000000001
1776149644.4902124,37.5993883,127.043765,3,1,1,0.23600000000000002
1776149644.5910447,37.5993881,127.0437648,3,1,1,0.23800000000000002
1776149644.6918602,37.5993873,127.0437647,3,1,1,0.23900000000000002
1776149644.7826211,37.5993867,127.0437643,3,1,1,0.241
1776149644.883446,37.5993865,127.043764,3,1,0,0.244
1776149644.984295,37.5993858,127.0437636,3,1,0,0.248
1776149645.095166,37.5993851,127.0437635,3,1,0,0.251
1776149645.1859193,37.5993848,127.0437633,3,1,1,0.25
1776149645.2867742,37.5993842,127.0437631,3,1,1,0.248
1776149645.3875198,37.5993835,127.0437628,3,1,1,0.246
1776149645.488333,37.599383,127.0437625,3,1,1,0.244
1776149645.5890763,37.5993824,127.043762,3,1,1,0.243
1776149645.689786,37.5993819,127.0437617,3,1,1,0.242
1776149645.790544,37.5993816,127.0437613,3,1,1,0.242
1776149645.891282,37.5993809,127.0437611,3,1,1,0.242
1776149645.9920695,37.5993801,127.0437606,3,1,1,0.242
1776149646.0928676,37.5993796,127.0437602,3,1,1,0.243
1776149646.1936448,37.599379,127.0437593,3,1,1,0.23900000000000002
1776149646.2944403,37.5993783,127.0437589,3,1,1,0.23500000000000001
1776149646.3951993,37.599378,127.0437586,3,1,1,0.232
1776149646.4859302,37.5993771,127.0437582,3,1,1,0.229
1776149646.586738,37.5993763,127.0437575,3,1,1,0.227
1776149646.6875243,37.5993759,127.0437571,3,1,1,0.225
1776149646.7882767,37.5993752,127.0437566,3,1,1,0.225
1776149646.8890657,37.5993746,127.043756,3,1,1,0.224
1776149646.989843,37.599374,127.043756,3,1,1,0.224
1776149647.1006684,37.5993732,127.0437557,3,1,1,0.224
1776149647.191415,37.5993727,127.0437554,3,1,1,0.222
1776149647.292246,37.5993719,127.0437548,3,1,1,0.22
1776149647.3930197,37.5993713,127.0437544,3,1,1,0.219
1776149647.48373,37.5993709,127.0437542,3,1,1,0.217
1776149647.5945172,37.5993701,127.043754,3,1,1,0.216
1776149647.6952064,37.5993693,127.0437537,3,1,1,0.214
1776149647.7859006,37.5993689,127.0437535,3,1,1,0.213
1776149647.886717,37.5993683,127.0437528,3,1,1,0.212
1776149647.9875703,37.5993675,127.0437526,3,1,1,0.212
1776149648.0983293,37.599367,127.0437523,3,1,1,0.211
1776149648.1990542,37.5993661,127.043752,3,1,1,0.21
1776149648.2998154,37.5993655,127.0437518,3,1,1,0.21
1776149648.3905516,37.5993649,127.0437513,3,1,1,0.21
1776149648.4913466,37.5993643,127.0437508,3,1,1,0.209
1776149648.5921364,37.5993638,127.0437506,3,1,1,0.209
1776149648.6929228,37.5993631,127.0437503,3,1,1,0.21
1776149648.7937047,37.5993624,127.0437501,3,1,1,0.21
1776149648.8944535,37.5993618,127.04375,3,1,1,0.211
1776149648.995272,37.5993612,127.0437494,3,1,1,0.213
1776149649.0960658,37.5993604,127.0437492,3,1,1,0.214
1776149649.196849,37.59936,127.043749,3,1,1,0.213
1776149649.2875612,37.5993593,127.0437487,3,1,1,0.212
1776149649.3882775,37.5993584,127.0437485,3,1,1,0.212
1776149649.4890513,37.5993578,127.043748,3,1,1,0.212
1776149649.5898607,37.5993572,127.0437474,3,1,1,0.212
1776149649.6906435,37.5993567,127.0437471,3,1,1,0.212
1776149649.7914188,37.599356,127.043747,3,1,1,0.213
1776149649.8921802,37.5993552,127.0437467,3,1,1,0.213
1776149649.9929557,37.5993547,127.0437465,3,1,1,0.214
1776149650.09378,37.599354,127.0437458,3,1,1,0.215
1776149650.1946712,37.5993531,127.0437456,3,1,1,0.215
1776149650.2954717,37.5993528,127.0437455,3,1,1,0.214
1776149650.386183,37.5993518,127.0437451,3,1,1,0.215
1776149650.4869792,37.5993511,127.0437448,3,1,1,0.214
1776149650.587717,37.5993504,127.0437444,3,1,1,0.215
1776149650.688445,37.5993497,127.043744,3,1,1,0.215
1776149650.789179,37.5993494,127.0437438,3,1,1,0.215
1776149650.8899016,37.5993486,127.0437437,3,1,1,0.215
1776149650.9906225,37.5993478,127.0437434,3,1,1,0.215
1776149651.091365,37.5993472,127.0437431,3,1,1,0.216
1776149651.192119,37.5993466,127.0437425,3,1,1,0.214
1776149651.2928631,37.5993458,127.0437423,3,1,1,0.212
1776149651.3936255,37.5993455,127.0437421,3,1,1,0.211
1776149651.4943538,37.5993446,127.043742,3,1,1,0.211
1776149651.5951874,37.5993439,127.0437418,3,1,1,0.21
1776149651.6859434,37.5993431,127.0437415,3,1,1,0.21
1776149651.7868288,37.5993426,127.0437409,3,1,1,0.21
1776149651.8876567,37.5993419,127.0437407,3,1,1,0.211
1776149651.9884315,37.5993414,127.0437406,3,1,1,0.211
1776149652.0993135,37.5993406,127.0437403,3,1,1,0.211
1776149652.2001324,37.5993398,127.0437402,3,1,1,0.209
1776149652.3009582,37.5993393,127.0437397,3,1,1,0.20800000000000002
1776149652.391701,37.5993386,127.0437395,3,1,1,0.20600000000000002
1776149652.4925125,37.5993382,127.0437393,3,1,1,0.20600000000000002
1776149652.5933237,37.5993374,127.0437392,3,1,1,0.20600000000000002
1776149652.6941338,37.5993366,127.0437391,3,1,1,0.20600000000000002
1776149652.7949772,37.5993361,127.043739,3,1,1,0.20800000000000002
1776149652.8857284,37.5993354,127.0437383,3,1,1,0.209
1776149652.9866424,37.5993346,127.0437382,3,1,1,0.211
1776149653.0975208,37.5993343,127.0437381,3,1,1,0.212
1776149653.1983252,37.5993334,127.0437378,3,1,1,0.21
1776149653.2890575,37.5993326,127.0437376,3,1,1,0.20800000000000002
1776149653.389803,37.5993322,127.0437374,3,1,1,0.20800000000000002
1776149653.4905357,37.5993314,127.043737,3,1,1,0.20800000000000002
1776149653.5912662,37.5993309,127.0437368,3,1,1,0.20800000000000002
1776149653.6919863,37.5993303,127.0437368,3,1,1,0.21
1776149653.7826645,37.5993296,127.0437366,3,1,1,0.211
1776149653.8934598,37.5993291,127.0437371,3,1,1,0.212
1776149653.9841244,37.5993284,127.0437366,3,1,0,0.217
1776149654.094884,37.5993275,127.0437363,3,1,0,0.221
1776149654.1855278,37.5993274,127.043736,3,1,1,0.222
1776149654.2964008,37.5993266,127.043736,3,1,1,0.223
1776149654.3870804,37.5993259,127.0437356,3,1,1,0.223
1776149654.4878085,37.5993253,127.0437354,3,1,1,0.224
1776149654.5885046,37.5993247,127.0437349,3,1,1,0.225
1776149654.6892283,37.5993239,127.0437346,3,1,1,0.226
1776149654.789958,37.5993236,127.0437345,3,1,1,0.226
1776149654.890699,37.5993226,127.0437342,3,1,1,0.226
1776149654.9814413,37.5993218,127.043734,3,1,1,0.227
1776149655.0922916,37.5993214,127.0437335,3,1,1,0.227
1776149655.1930332,37.5993207,127.0437332,3,1,1,0.225
1776149655.2937515,37.5993201,127.043733,3,1,1,0.224
1776149655.3944392,37.5993195,127.0437329,3,1,1,0.223
1776149655.485277,37.5993187,127.0437328,3,1,1,0.223
1776149655.5860069,37.599318,127.0437324,3,1,1,0.222
1776149655.6867564,37.5993174,127.0437318,3,1,1,0.222
1776149655.7875896,37.5993166,127.0437317,3,1,1,0.223
1776149655.8883538,37.5993162,127.0437314,3,1,1,0.223
1776149655.989137,37.5993155,127.0437314,3,1,1,0.222
1776149656.0999641,37.5993147,127.0437312,3,1,1,0.222
1776149656.1906853,37.5993141,127.0437311,3,1,1,0.222
1776149656.2914891,37.5993134,127.0437305,3,1,1,0.222
1776149656.3922565,37.5993125,127.0437303,3,1,1,0.222
1776149656.4829729,37.5993124,127.0437303,3,1,1,0.223
1776149656.5938253,37.5993116,127.0437303,3,1,1,0.223
1776149656.694588,37.5993109,127.04373,3,1,1,0.224
1776149656.7854474,37.5993103,127.0437298,3,1,1,0.224
1776149656.896258,37.5993098,127.0437292,3,1,1,0.225
1776149656.9869075,37.5993091,127.0437291,3,1,1,0.225
1776149657.097722,37.5993088,127.0437289,3,1,1,0.226
1776149657.1984897,37.599308,127.0437288,3,1,1,0.223
1776149657.289206,37.5993073,127.0437288,3,1,1,0.222
1776149657.3899848,37.5993068,127.0437286,3,1,1,0.221
1776149657.4907377,37.5993061,127.0437281,3,1,1,0.221
1776149657.5915325,37.5993056,127.0437281,3,1,1,0.222
1776149657.6923375,37.5993049,127.043728,3,1,1,0.223
1776149657.7931452,37.5993042,127.0437276,3,1,1,0.223
1776149657.883892,37.5993035,127.0437272,3,1,0,0.228
1776149657.9846995,37.5993029,127.0437269,3,1,0,0.233
1776149658.095558,37.5993021,127.0437265,3,1,0,0.23800000000000002
1776149658.186285,37.5993019,127.0437263,3,1,1,0.23600000000000002
1776149658.2871299,37.599301,127.0437263,3,1,1,0.234
1776149658.3879676,37.5993003,127.0437262,3,1,1,0.232
1776149658.4887657,37.5992997,127.043726,3,1,1,0.232
1776149658.58957,37.599299,127.0437258,3,1,1,0.231
1776149658.690364,37.5992984,127.0437255,3,1,1,0.23
1776149658.791176,37.5992978,127.0437254,3,1,1,0.229
1776149658.8919747,37.5992969,127.0437252,3,1,1,0.229
1776149658.9827178,37.5992962,127.0437251,3,1,1,0.23
1776149659.0936098,37.5992956,127.0437248,3,1,1,0.231
1776149659.1843474,37.5992948,127.0437243,3,1,1,0.229
1776149659.285156,37.5992943,127.0437242,3,1,1,0.227
1776149659.3859856,37.5992934,127.043724,3,1,1,0.226
1776149659.486778,37.5992927,127.0437238,3,1,1,0.224
1776149659.587542,37.599292,127.0437235,3,1,1,0.223
1776149659.688323,37.5992912,127.043723,3,1,1,0.223
1776149659.789124,37.5992906,127.0437227,3,1,1,0.223
1776149659.889923,37.5992898,127.0437225,3,1,1,0.223
1776149659.9907238,37.599289,127.0437225,3,1,1,0.224
1776149660.0915236,37.5992882,127.0437222,3,1,1,0.225
1776149660.1923463,37.5992876,127.0437216,3,1,1,0.22
1776149660.2932484,37.5992869,127.0437214,3,1,1,0.216
1776149660.3940675,37.5992864,127.0437212,3,1,1,0.212
1776149660.4948642,37.5992854,127.0437207,3,1,1,0.20800000000000002
1776149660.585726,37.5992847,127.0437204,3,1,1,0.20400000000000001
1776149660.6865559,37.5992841,127.0437196,3,1,1,0.202
1776149660.7873256,37.5992834,127.0437192,3,1,1,0.202
1776149660.8880959,37.599283,127.0437187,3,1,1,0.202
1776149660.9889014,37.5992821,127.0437186,3,1,1,0.201
1776149661.099744,37.5992814,127.0437182,3,1,1,0.201
1776149661.2005122,37.5992807,127.0437177,3,1,1,0.197
1776149661.2912219,37.5992801,127.0437171,3,1,1,0.193
1776149661.3919823,37.5992794,127.0437168,3,1,1,0.192
1776149661.492758,37.5992787,127.0437167,3,1,1,0.191
1776149661.5834978,37.599278,127.0437162,3,1,1,0.19
1776149661.694344,37.5992773,127.0437159,3,1,1,0.189
1776149661.7850618,37.5992767,127.0437152,3,1,1,0.188
1776149661.8858385,37.599276,127.0437146,3,1,1,0.187
1776149661.9866157,37.5992755,127.043714,3,1,1,0.187
1776149662.0974877,37.5992749,127.0437137,3,1,1,0.188
1776149662.198302,37.599274,127.043713,3,1,1,0.187
1776149662.2890503,37.5992734,127.0437125,3,1,1,0.189
1776149662.389849,37.5992729,127.0437118,3,1,1,0.191
1776149662.4906197,37.5992725,127.0437112,3,1,1,0.192
1776149662.5914183,37.5992719,127.0437111,3,1,1,0.194
1776149662.692218,37.5992711,127.0437106,3,1,1,0.194
1776149662.7829618,37.5992703,127.04371,3,1,1,0.195
1776149662.8839018,37.5992698,127.0437092,3,1,1,0.197
1776149662.9847527,37.5992692,127.0437087,3,1,1,0.199
1776149663.0956843,37.5992686,127.0437083,3,1,1,0.202
1776149663.1964893,37.5992679,127.0437079,3,1,1,0.199
1776149663.2872458,37.5992673,127.0437074,3,1,1,0.197
1776149663.3880508,37.5992666,127.0437066,3,1,1,0.194
1776149663.4888248,37.5992662,127.043706,3,1,1,0.192
1776149663.589555,37.5992658,127.0437053,3,1,1,0.19
1776149663.690272,37.5992651,127.0437048,3,1,1,0.187
1776149663.7910395,37.5992646,127.0437043,3,1,1,0.185
1776149663.8918378,37.599264,127.0437035,3,1,1,0.184
1776149663.9926164,37.5992634,127.0437027,3,1,1,0.182
1776149664.0933726,37.5992627,127.0437022,3,1,1,0.181
1776149664.1941097,37.5992622,127.0437016,3,1,1,0.179
1776149664.2847676,37.5992617,127.0437005,3,1,1,0.176
1776149664.3854847,37.5992613,127.0436998,3,1,1,0.17400000000000002
1776149664.486226,37.5992611,127.0436989,3,1,1,0.17200000000000001
1776149664.586959,37.5992607,127.0436978,3,1,1,0.171
1776149664.68767,37.5992606,127.0436971,3,1,1,0.169
1776149664.7884653,37.5992602,127.0436961,3,1,1,0.168
1776149664.8892767,37.59926,127.0436952,3,1,1,0.166
1776149664.9900935,37.5992598,127.0436942,3,1,1,0.165
1776149665.1009595,37.5992599,127.0436932,3,1,1,0.164
1776149665.2017677,37.5992596,127.0436923,3,1,1,0.163
1776149665.2924933,37.5992594,127.0436917,3,1,1,0.161
1776149665.39329,37.5992591,127.0436905,3,1,1,0.159
1776149665.4840286,37.5992589,127.0436897,3,1,1,0.158
1776149665.594905,37.5992587,127.0436888,3,1,1,0.158
1776149665.685645,37.5992587,127.0436879,3,1,1,0.157
1776149665.786494,37.5992588,127.043687,3,1,1,0.157
1776149665.8873131,37.5992585,127.0436859,3,1,1,0.157
1776149665.9880724,37.5992583,127.0436848,3,1,1,0.157
1776149666.0988588,37.5992581,127.0436838,3,1,1,0.157
1776149666.1995804,37.5992581,127.0436828,3,1,1,0.156
1776149666.2902396,37.5992578,127.0436818,3,1,1,0.156
1776149666.3909726,37.5992575,127.0436809,3,1,1,0.155
1776149666.4917874,37.5992575,127.0436796,3,1,1,0.155
1776149666.5925615,37.5992576,127.0436785,3,1,1,0.155
1776149666.693295,37.5992579,127.043678,3,1,1,0.154
1776149666.7940054,37.5992583,127.0436772,3,1,1,0.154
1776149666.8846545,37.5992583,127.0436766,3,1,1,0.156
1776149666.985454,37.5992583,127.0436756,3,1,1,0.157
1776149667.0962775,37.5992585,127.0436745,3,1,1,0.159
1776149667.1970644,37.5992585,127.0436734,3,1,1,0.16
1776149667.2877727,37.5992587,127.0436723,3,1,1,0.161
1776149667.3885252,37.599259,127.0436713,3,1,1,0.161
1776149667.4892945,37.5992591,127.0436707,3,1,1,0.161
1776149667.5901024,37.5992591,127.0436696,3,1,1,0.162
1776149667.690894,37.599259,127.0436688,3,1,1,0.163
1776149667.7916856,37.5992593,127.0436675,3,1,1,0.164
1776149667.8924587,37.5992595,127.0436667,3,1,1,0.165
1776149667.9932508,37.5992594,127.0436654,3,1,1,0.166
1776149668.094022,37.5992595,127.0436645,3,1,1,0.167
1776149668.1948035,37.5992596,127.0436632,3,1,1,0.166
1776149668.2855198,37.5992595,127.0436623,3,1,1,0.166
1776149668.38634,37.5992598,127.0436608,3,1,1,0.166
1776149668.4871116,37.59926,127.0436597,3,1,1,0.166
1776149668.58789,37.59926,127.0436588,3,1,1,0.167
1776149668.688644,37.5992601,127.0436574,3,1,1,0.167
1776149668.7894273,37.5992603,127.0436567,3,1,1,0.167
1776149668.8902242,37.5992607,127.0436551,3,1,1,0.169
1776149668.9809713,37.599261,127.0436547,3,1,1,0.17400000000000002
1776149669.0817962,37.5992611,127.0436538,3,1,1,0.179
1776149669.1826158,37.5992615,127.043653,3,1,1,0.186
1776149669.2834044,37.5992617,127.043652,3,1,1,0.191
1776149669.3842375,37.5992619,127.0436508,3,1,1,0.194
1776149669.4850419,37.5992624,127.0436499,3,1,1,0.196
1776149669.5858667,37.5992626,127.0436487,3,1,1,0.198
1776149669.6865892,37.5992628,127.0436478,3,1,1,0.2
1776149669.7873797,37.5992633,127.0436465,3,1,1,0.202
1776149669.8881698,37.5992637,127.0436455,3,1,1,0.20400000000000001
1776149669.9889708,37.5992642,127.0436445,3,1,1,0.20600000000000002
1776149670.0998645,37.5992645,127.0436435,3,1,1,0.20800000000000002
1776149670.1906304,37.5992648,127.0436426,3,1,1,0.21
1776149670.2914662,37.599265,127.0436414,3,1,1,0.20600000000000002
1776149670.3922668,37.5992652,127.0436404,3,1,1,0.202
1776149670.4930747,37.5992656,127.0436397,3,1,1,0.201
1776149670.5938735,37.5992659,127.0436385,3,1,1,0.2
1776149670.694687,37.5992661,127.0436377,3,1,1,0.199
1776149670.7954843,37.5992662,127.0436365,3,1,1,0.198
1776149670.8862302,37.5992665,127.0436357,3,1,1,0.197
1776149670.987044,37.5992666,127.0436346,3,1,1,0.197
1776149671.097902,37.599267,127.0436338,3,1,1,0.196
1776149671.1986842,37.5992674,127.0436328,3,1,1,0.196
1776149671.2893965,37.5992674,127.0436319,3,1,1,0.193
1776149671.3901882,37.5992677,127.0436307,3,1,1,0.191
1776149671.4909596,37.599268,127.0436298,3,1,1,0.189
1776149671.5917535,37.5992683,127.0436288,3,1,1,0.188
1776149671.692506,37.5992688,127.0436278,3,1,1,0.186
1776149671.7832296,37.5992688,127.0436269,3,1,1,0.184
1776149671.894114,37.5992691,127.0436257,3,1,1,0.183
1776149671.9949238,37.5992693,127.0436247,3,1,1,0.181
1776149672.0957522,37.5992695,127.0436237,3,1,1,0.18
1776149672.196504,37.59927,127.0436227,3,1,1,0.176
1776149672.2871559,37.59927,127.0436214,3,1,1,0.17500000000000002
1776149672.3878791,37.5992701,127.0436204,3,1,1,0.17300000000000001
1776149672.4885502,37.5992704,127.0436192,3,1,1,0.17200000000000001
1776149672.5892475,37.5992705,127.0436181,3,1,1,0.17200000000000001
1776149672.6898923,37.5992708,127.0436169,3,1,1,0.17300000000000001
1776149672.7905293,37.5992709,127.0436158,3,1,1,0.17400000000000002
1776149672.8911753,37.5992711,127.0436148,3,1,1,0.177
1776149672.9918184,37.5992713,127.0436133,3,1,1,0.181
1776149673.0924792,37.5992716,127.0436124,3,1,1,0.184
1776149673.2032475,37.5992719,127.0436114,3,1,1,0.182
1776149673.2938402,37.5992725,127.0436103,3,1,1,0.182
1776149673.3944428,37.5992727,127.0436097,3,1,1,0.181
1776149673.4950986,37.599273,127.0436083,3,1,1,0.18
1776149673.5857005,37.599273,127.0436071,3,1,1,0.179
1776149673.696382,37.5992733,127.043606,3,1,1,0.178
1776149673.787032,37.5992738,127.0436049,3,1,1,0.177
1776149673.8877153,37.5992738,127.0436039,3,1,1,0.176
1776149673.9883862,37.5992742,127.0436031,3,1,1,0.176
1776149674.0991266,37.5992746,127.043602,3,1,1,0.17500000000000002
1776149674.1997755,37.5992748,127.043601,3,1,1,0.17500000000000002
1776149674.3003862,37.5992754,127.0436002,3,1,1,0.17200000000000001
1776149674.3910227,37.5992757,127.0435991,3,1,1,0.17
1776149674.4916759,37.599276,127.0435982,3,1,1,0.169
1776149674.5922747,37.5992764,127.043597,3,1,1,0.168
1776149674.6929054,37.5992768,127.043596,3,1,1,0.167
1776149674.793577,37.5992774,127.0435945,3,1,1,0.166
1776149674.8942199,37.5992776,127.0435938,3,1,1,0.166
1776149674.994851,37.5992781,127.0435927,3,1,1,0.165
1776149675.0955138,37.5992783,127.0435915,3,1,1,0.164
1776149675.1961632,37.5992786,127.0435906,3,1,1,0.164
1776149675.2967987,37.5992792,127.0435893,3,1,1,0.163
1776149675.387389,37.5992796,127.0435883,3,1,1,0.162
1776149675.4880433,37.5992797,127.0435873,3,1,1,0.161
1776149675.5887206,37.5992801,127.0435861,3,1,1,0.161
1776149675.6893692,37.5992803,127.0435852,3,1,1,0.161
1776149675.790008,37.5992808,127.0435838,3,1,1,0.161
1776149675.890639,37.5992812,127.0435833,3,1,1,0.161
1776149675.9912827,37.5992814,127.0435822,3,1,1,0.162
1776149676.0919468,37.5992817,127.0435813,3,1,1,0.163
1776149676.1926272,37.5992822,127.04358,3,1,1,0.164
1776149676.283211,37.5992825,127.0435791,3,1,1,0.165
1776149676.3939137,37.5992828,127.043578,3,1,1,0.165
1776149676.484495,37.5992831,127.0435768,3,1,1,0.165
1776149676.5851214,37.5992833,127.043576,3,1,1,0.166
1776149676.695856,37.5992836,127.0435747,3,1,1,0.167
1776149676.7864418,37.5992838,127.0435737,3,1,1,0.169
1776149676.8871114,37.5992842,127.0435725,3,1,1,0.17
1776149676.9877617,37.5992845,127.0435714,3,1,1,0.17200000000000001
1776149677.0985625,37.5992847,127.0435705,3,1,1,0.17300000000000001
1776149677.1891544,37.5992851,127.0435693,3,1,1,0.171
1776149677.289872,37.5992853,127.0435686,3,1,1,0.169
1776149677.39052,37.5992857,127.0435675,3,1,1,0.167
1776149677.491154,37.5992862,127.0435667,3,1,1,0.165
1776149677.5917943,37.5992865,127.0435657,3,1,1,0.163
1776149677.692434,37.5992868,127.0435653,3,1,1,0.161
1776149677.7930605,37.5992873,127.0435647,3,1,1,0.16
1776149677.8937037,37.5992874,127.0435643,3,1,1,0.158
1776149677.9943278,37.5992874,127.043564,3,1,1,0.157
1776149678.0949774,37.5992874,127.0435637,3,1,1,0.156
1776149678.1956437,37.5992875,127.0435636,3,1,1,0.156
1776149678.3063273,37.5992876,127.0435637,3,1,1,0.154
1776149678.3868651,37.5992876,127.0435636,3,1,1,0.153
1776149678.4875515,37.5992876,127.0435636,3,1,1,0.152
1776149678.5882223,37.5992877,127.0435635,3,1,1,0.151
1776149678.688893,37.5992877,127.0435635,3,1,1,0.15
1776149678.7895267,37.5992878,127.0435634,3,1,1,0.15
1776149678.8901706,37.5992878,127.0435633,3,1,1,0.149
1776149678.9908001,37.5992878,127.0435633,3,1,1,0.149
1776149679.1015038,37.5992879,127.0435633,3,1,1,0.148
1776149679.2021577,37.5992879,127.0435633,3,1,1,0.148
1776149679.2927413,37.599288,127.0435633,3,1,1,0.147
1776149679.3933723,37.5992881,127.0435632,3,1,1,0.146
1776149679.494017,37.5992882,127.0435633,3,1,1,0.145
1776149679.5946581,37.5992883,127.0435632,3,1,1,0.14400000000000002
1776149679.6952865,37.5992883,127.0435632,3,1,1,0.14400000000000002
1776149679.7858813,37.5992884,127.0435632,3,1,1,0.14300000000000002
1776149679.8865478,37.5992885,127.0435631,3,1,1,0.14300000000000002
1776149679.997229,37.5992885,127.0435632,3,1,1,0.14300000000000002
1776149680.0978863,37.5992886,127.0435631,3,1,1,0.14200000000000002
1776149680.1985495,37.5992886,127.043563,3,1,1,0.14200000000000002
1776149680.299187,37.5992888,127.0435631,3,1,1,0.14100000000000001
1776149680.389817,37.5992889,127.0435631,3,1,1,0.14
1776149680.4904482,37.5992889,127.0435631,3,1,1,0.139
1776149680.5910938,37.599289,127.0435631,3,1,1,0.139
1776149680.6917353,37.5992891,127.0435631,3,1,1,0.138
1776149680.7923841,37.5992892,127.0435631,3,1,1,0.138
1776149680.8930147,37.5992892,127.043563,3,1,1,0.137
1776149680.9936585,37.5992893,127.043563,3,1,1,0.137
1776149681.1044014,37.5992893,127.043563,3,1,1,0.136
1776149681.1950324,37.5992894,127.0435631,3,1,1,0.136
1776149681.2957141,37.5992895,127.043563,3,1,1,0.136
